IP地址	端口	TLS	数据中心	地区	城市	网络延迟	下载速度
8.218.53.110	2087	TRUE	HKG	Asia Pacific	Hong Kong	58 ms	19015 kB/s
47.243.91.58	2087	TRUE	HKG	Asia Pacific	Hong Kong	61 ms	18895 kB/s
47.76.32.108	2083	TRUE	HKG	Asia Pacific	Hong Kong	71 ms	16501 kB/s
8.217.232.246	2096	TRUE	HKG	Asia Pacific	Hong Kong	69 ms	16038 kB/s
47.242.157.96	8443	TRUE	HKG	Asia Pacific	Hong Kong	61 ms	15814 kB/s
47.242.155.183	2087	TRUE	HKG	Asia Pacific	Hong Kong	63 ms	15667 kB/s
8.210.156.6	2087	TRUE	HKG	Asia Pacific	Hong Kong	58 ms	15378 kB/s
47.76.49.246	8443	TRUE	HKG	Asia Pacific	Hong Kong	65 ms	15177 kB/s
8.218.204.128	2053	TRUE	HKG	Asia Pacific	Hong Kong	69 ms	15086 kB/s
8.210.34.188	2083	TRUE	HKG	Asia Pacific	Hong Kong	77 ms	14351 kB/s
8.217.250.222	2096	TRUE	HKG	Asia Pacific	Hong Kong	59 ms	14324 kB/s
47.243.42.219	8443	TRUE	HKG	Asia Pacific	Hong Kong	61 ms	13331 kB/s
47.76.37.57	2096	TRUE	HKG	Asia Pacific	Hong Kong	59 ms	13313 kB/s
47.76.159.146	2083	TRUE	HKG	Asia Pacific	Hong Kong	64 ms	13171 kB/s
8.210.65.1	2083	TRUE	HKG	Asia Pacific	Hong Kong	66 ms	13104 kB/s
47.242.174.27	2083	TRUE	HKG	Asia Pacific	Hong Kong	59 ms	13020 kB/s
8.210.245.224	2053	TRUE	HKG	Asia Pacific	Hong Kong	56 ms	12552 kB/s
47.243.206.150	2083	TRUE	HKG	Asia Pacific	Hong Kong	66 ms	12398 kB/s
47.242.202.230	2083	TRUE	HKG	Asia Pacific	Hong Kong	57 ms	12348 kB/s
8.210.174.156	2053	TRUE	HKG	Asia Pacific	Hong Kong	60 ms	11996 kB/s
8.218.53.110	2096	TRUE	HKG	Asia Pacific	Hong Kong	62 ms	11932 kB/s
8.217.121.207	2087	TRUE	HKG	Asia Pacific	Hong Kong	67 ms	11861 kB/s
8.218.142.253	2083	TRUE	HKG	Asia Pacific	Hong Kong	66 ms	11558 kB/s
47.242.17.250	2083	TRUE	HKG	Asia Pacific	Hong Kong	60 ms	11557 kB/s
8.210.156.6	2083	TRUE	HKG	Asia Pacific	Hong Kong	66 ms	11493 kB/s
8.210.3.24	2096	TRUE	HKG	Asia Pacific	Hong Kong	62 ms	11450 kB/s
47.76.37.57	2083	TRUE	HKG	Asia Pacific	Hong Kong	66 ms	11408 kB/s
47.242.79.71	8443	TRUE	HKG	Asia Pacific	Hong Kong	60 ms	11180 kB/s
47.243.169.63	8443	TRUE	HKG	Asia Pacific	Hong Kong	65 ms	11064 kB/s
47.243.27.217	2087	TRUE	HKG	Asia Pacific	Hong Kong	61 ms	10869 kB/s
47.243.90.180	2096	TRUE	HKG	Asia Pacific	Hong Kong	63 ms	10697 kB/s
47.242.155.183	8443	TRUE	HKG	Asia Pacific	Hong Kong	59 ms	10653 kB/s
47.242.234.127	2083	TRUE	HKG	Asia Pacific	Hong Kong	67 ms	10590 kB/s
47.243.139.243	2087	TRUE	HKG	Asia Pacific	Hong Kong	62 ms	10541 kB/s
8.217.127.73	2096	TRUE	HKG	Asia Pacific	Hong Kong	63 ms	10447 kB/s
47.242.232.14	2096	TRUE	HKG	Asia Pacific	Hong Kong	72 ms	10429 kB/s
47.242.232.14	2053	TRUE	HKG	Asia Pacific	Hong Kong	69 ms	10375 kB/s
47.243.139.85	2083	TRUE	HKG	Asia Pacific	Hong Kong	60 ms	10371 kB/s
47.76.77.103	8443	TRUE	HKG	Asia Pacific	Hong Kong	65 ms	10290 kB/s
47.76.159.146	2087	TRUE	HKG	Asia Pacific	Hong Kong	64 ms	10236 kB/s
47.243.183.127	8443	TRUE	HKG	Asia Pacific	Hong Kong	67 ms	10232 kB/s
8.218.143.10	2083	TRUE	HKG	Asia Pacific	Hong Kong	66 ms	10226 kB/s
8.210.203.7	2087	TRUE	HKG	Asia Pacific	Hong Kong	63 ms	10171 kB/s
47.76.49.246	2083	TRUE	HKG	Asia Pacific	Hong Kong	63 ms	10162 kB/s
47.242.54.157	8443	TRUE	HKG	Asia Pacific	Hong Kong	64 ms	10134 kB/s
47.242.17.250	8443	TRUE	HKG	Asia Pacific	Hong Kong	69 ms	9929 kB/s
47.76.204.76	2083	TRUE	HKG	Asia Pacific	Hong Kong	65 ms	9629 kB/s
47.243.203.119	2083	TRUE	HKG	Asia Pacific	Hong Kong	57 ms	9601 kB/s
47.242.59.216	2087	TRUE	HKG	Asia Pacific	Hong Kong	71 ms	9555 kB/s
8.210.175.109	2083	TRUE	HKG	Asia Pacific	Hong Kong	66 ms	9374 kB/s
8.210.34.188	2096	TRUE	HKG	Asia Pacific	Hong Kong	71 ms	9333 kB/s
8.210.48.107	2053	TRUE	HKG	Asia Pacific	Hong Kong	61 ms	9122 kB/s
47.242.155.183	2096	TRUE	HKG	Asia Pacific	Hong Kong	64 ms	9101 kB/s
47.242.234.127	2087	TRUE	HKG	Asia Pacific	Hong Kong	62 ms	8948 kB/s
8.217.164.10	2083	TRUE	HKG	Asia Pacific	Hong Kong	58 ms	8902 kB/s
47.76.146.1	2096	TRUE	HKG	Asia Pacific	Hong Kong	58 ms	8884 kB/s
47.242.157.96	2087	TRUE	HKG	Asia Pacific	Hong Kong	59 ms	8872 kB/s
8.217.164.10	2087	TRUE	HKG	Asia Pacific	Hong Kong	58 ms	8849 kB/s
47.243.206.150	2087	TRUE	HKG	Asia Pacific	Hong Kong	65 ms	8837 kB/s
8.219.132.64	2083	TRUE	SIN	Asia Pacific	Singapore	222 ms	8776 kB/s
47.76.204.76	2053	TRUE	HKG	Asia Pacific	Hong Kong	62 ms	8741 kB/s
8.217.85.14	2083	TRUE	HKG	Asia Pacific	Hong Kong	60 ms	8696 kB/s
47.236.118.216	8443	TRUE	SIN	Asia Pacific	Singapore	216 ms	8688 kB/s
8.222.249.190	2053	TRUE	SIN	Asia Pacific	Singapore	239 ms	8670 kB/s
8.210.3.24	2087	TRUE	HKG	Asia Pacific	Hong Kong	67 ms	8445 kB/s
8.217.121.207	2096	TRUE	HKG	Asia Pacific	Hong Kong	63 ms	8376 kB/s
8.219.100.168	2053	TRUE	SIN	Asia Pacific	Singapore	218 ms	8336 kB/s
47.236.93.176	2087	TRUE	SIN	Asia Pacific	Singapore	218 ms	8301 kB/s
47.242.174.27	2053	TRUE	HKG	Asia Pacific	Hong Kong	56 ms	8237 kB/s
8.219.209.14	2087	TRUE	SIN	Asia Pacific	Singapore	220 ms	8123 kB/s
47.243.86.79	2096	TRUE	HKG	Asia Pacific	Hong Kong	64 ms	8106 kB/s
47.243.5.154	8443	TRUE	HKG	Asia Pacific	Hong Kong	62 ms	8088 kB/s
8.210.39.96	2087	TRUE	HKG	Asia Pacific	Hong Kong	63 ms	8054 kB/s
47.242.59.216	8443	TRUE	HKG	Asia Pacific	Hong Kong	71 ms	7973 kB/s
8.219.78.188	2096	TRUE	SIN	Asia Pacific	Singapore	221 ms	7960 kB/s
47.243.86.79	2087	TRUE	HKG	Asia Pacific	Hong Kong	65 ms	7918 kB/s
8.222.180.86	2087	TRUE	SIN	Asia Pacific	Singapore	222 ms	7915 kB/s
8.219.174.213	2053	TRUE	SIN	Asia Pacific	Singapore	221 ms	7847 kB/s
8.217.145.40	2087	TRUE	HKG	Asia Pacific	Hong Kong	56 ms	7784 kB/s
47.242.174.27	2096	TRUE	HKG	Asia Pacific	Hong Kong	62 ms	7680 kB/s
8.219.114.201	2083	TRUE	SIN	Asia Pacific	Singapore	242 ms	7656 kB/s
47.242.79.71	2053	TRUE	HKG	Asia Pacific	Hong Kong	61 ms	7606 kB/s
47.242.252.237	2096	TRUE	HKG	Asia Pacific	Hong Kong	57 ms	7591 kB/s
8.219.240.160	2053	TRUE	SIN	Asia Pacific	Singapore	211 ms	7573 kB/s
8.219.60.54	2083	TRUE	SIN	Asia Pacific	Singapore	222 ms	7569 kB/s
8.222.244.192	2083	TRUE	SIN	Asia Pacific	Singapore	225 ms	7557 kB/s
8.219.139.13	2083	TRUE	SIN	Asia Pacific	Singapore	239 ms	7544 kB/s
8.219.104.37	2096	TRUE	SIN	Asia Pacific	Singapore	207 ms	7526 kB/s
8.210.192.93	2096	TRUE	HKG	Asia Pacific	Hong Kong	66 ms	7467 kB/s
47.245.102.52	2053	TRUE	SIN	Asia Pacific	Singapore	255 ms	7450 kB/s
8.219.78.1	2083	TRUE	SIN	Asia Pacific	Singapore	219 ms	7432 kB/s
47.243.173.187	2053	TRUE	HKG	Asia Pacific	Hong Kong	55 ms	7421 kB/s
8.219.189.143	2053	TRUE	SIN	Asia Pacific	Singapore	227 ms	7387 kB/s
8.219.191.40	2087	TRUE	SIN	Asia Pacific	Singapore	213 ms	7387 kB/s
8.219.98.13	2087	TRUE	SIN	Asia Pacific	Singapore	234 ms	7338 kB/s
8.218.3.12	2053	TRUE	HKG	Asia Pacific	Hong Kong	59 ms	7304 kB/s
8.222.183.242	8443	TRUE	SIN	Asia Pacific	Singapore	235 ms	7291 kB/s
8.219.0.162	2053	TRUE	SIN	Asia Pacific	Singapore	219 ms	7286 kB/s
8.219.199.220	2087	TRUE	SIN	Asia Pacific	Singapore	222 ms	7285 kB/s
47.243.86.79	2053	TRUE	HKG	Asia Pacific	Hong Kong	70 ms	7258 kB/s
8.219.209.14	2083	TRUE	SIN	Asia Pacific	Singapore	215 ms	7254 kB/s
8.219.174.213	2083	TRUE	SIN	Asia Pacific	Singapore	218 ms	7229 kB/s
8.219.113.232	8443	TRUE	SIN	Asia Pacific	Singapore	224 ms	7199 kB/s
47.242.54.157	2096	TRUE	HKG	Asia Pacific	Hong Kong	64 ms	7185 kB/s
8.219.189.143	2096	TRUE	SIN	Asia Pacific	Singapore	210 ms	7164 kB/s
8.219.194.170	2087	TRUE	SIN	Asia Pacific	Singapore	226 ms	7160 kB/s
8.210.119.11	2083	TRUE	HKG	Asia Pacific	Hong Kong	65 ms	7154 kB/s
8.219.201.245	2053	TRUE	SIN	Asia Pacific	Singapore	236 ms	7148 kB/s
8.219.191.40	2096	TRUE	SIN	Asia Pacific	Singapore	232 ms	7144 kB/s
8.219.113.232	2053	TRUE	SIN	Asia Pacific	Singapore	239 ms	7129 kB/s
47.76.146.1	2087	TRUE	HKG	Asia Pacific	Hong Kong	58 ms	7127 kB/s
47.237.86.185	8443	TRUE	SIN	Asia Pacific	Singapore	247 ms	7116 kB/s
8.219.210.57	8443	TRUE	SIN	Asia Pacific	Singapore	210 ms	7089 kB/s
8.219.78.1	8443	TRUE	SIN	Asia Pacific	Singapore	223 ms	7088 kB/s
8.210.245.224	2087	TRUE	HKG	Asia Pacific	Hong Kong	59 ms	7084 kB/s
8.219.117.198	2096	TRUE	SIN	Asia Pacific	Singapore	237 ms	7038 kB/s
8.210.100.23	2096	TRUE	HKG	Asia Pacific	Hong Kong	58 ms	7022 kB/s
8.219.201.245	2087	TRUE	SIN	Asia Pacific	Singapore	220 ms	7020 kB/s
47.237.81.112	8443	TRUE	SIN	Asia Pacific	Singapore	211 ms	7011 kB/s
47.236.83.239	2096	TRUE	SIN	Asia Pacific	Singapore	230 ms	6999 kB/s
47.236.254.120	2053	TRUE	SIN	Asia Pacific	Singapore	222 ms	6982 kB/s
8.219.114.201	2087	TRUE	SIN	Asia Pacific	Singapore	245 ms	6958 kB/s
8.219.111.175	2087	TRUE	SIN	Asia Pacific	Singapore	220 ms	6933 kB/s
8.219.0.162	443	TRUE	SIN	Asia Pacific	Singapore	215 ms	6916 kB/s
8.219.201.245	2096	TRUE	SIN	Asia Pacific	Singapore	238 ms	6907 kB/s
8.219.110.81	2096	TRUE	SIN	Asia Pacific	Singapore	243 ms	6897 kB/s
8.219.248.47	2083	TRUE	SIN	Asia Pacific	Singapore	216 ms	6892 kB/s
47.237.81.112	2083	TRUE	SIN	Asia Pacific	Singapore	219 ms	6871 kB/s
8.219.120.87	2083	TRUE	SIN	Asia Pacific	Singapore	232 ms	6868 kB/s
8.219.142.191	8443	TRUE	SIN	Asia Pacific	Singapore	237 ms	6834 kB/s
8.222.191.138	2087	TRUE	SIN	Asia Pacific	Singapore	209 ms	6824 kB/s
47.242.174.27	2087	TRUE	HKG	Asia Pacific	Hong Kong	56 ms	6822 kB/s
47.236.80.110	2096	TRUE	SIN	Asia Pacific	Singapore	223 ms	6818 kB/s
8.219.11.158	2087	TRUE	SIN	Asia Pacific	Singapore	233 ms	6807 kB/s
8.219.177.205	8443	TRUE	SIN	Asia Pacific	Singapore	207 ms	6807 kB/s
8.219.177.205	2096	TRUE	SIN	Asia Pacific	Singapore	207 ms	6806 kB/s
47.236.253.41	2096	TRUE	SIN	Asia Pacific	Singapore	216 ms	6773 kB/s
47.243.86.79	8443	TRUE	HKG	Asia Pacific	Hong Kong	65 ms	6772 kB/s
8.219.194.170	8443	TRUE	SIN	Asia Pacific	Singapore	239 ms	6761 kB/s
8.219.191.40	8443	TRUE	SIN	Asia Pacific	Singapore	219 ms	6756 kB/s
47.76.49.246	2053	TRUE	HKG	Asia Pacific	Hong Kong	63 ms	6756 kB/s
47.237.8.82	2087	TRUE	SIN	Asia Pacific	Singapore	239 ms	6754 kB/s
8.219.174.142	2087	TRUE	SIN	Asia Pacific	Singapore	215 ms	6754 kB/s
8.222.193.65	2087	TRUE	SIN	Asia Pacific	Singapore	222 ms	6735 kB/s
8.219.139.13	8443	TRUE	SIN	Asia Pacific	Singapore	239 ms	6734 kB/s
8.219.199.220	8443	TRUE	SIN	Asia Pacific	Singapore	220 ms	6733 kB/s
47.242.202.230	2096	TRUE	HKG	Asia Pacific	Hong Kong	61 ms	6696 kB/s
8.219.120.87	8443	TRUE	SIN	Asia Pacific	Singapore	239 ms	6667 kB/s
8.222.244.192	2087	TRUE	SIN	Asia Pacific	Singapore	225 ms	6630 kB/s
8.219.229.190	2053	TRUE	SIN	Asia Pacific	Singapore	221 ms	6620 kB/s
47.243.173.187	2083	TRUE	HKG	Asia Pacific	Hong Kong	54 ms	6616 kB/s
47.237.84.173	2087	TRUE	SIN	Asia Pacific	Singapore	212 ms	6610 kB/s
47.76.146.1	8443	TRUE	HKG	Asia Pacific	Hong Kong	63 ms	6608 kB/s
8.210.21.65	2083	TRUE	HKG	Asia Pacific	Hong Kong	60 ms	6579 kB/s
47.242.232.14	2087	TRUE	HKG	Asia Pacific	Hong Kong	70 ms	6562 kB/s
8.217.127.73	2053	TRUE	HKG	Asia Pacific	Hong Kong	68 ms	6558 kB/s
47.237.83.20	8443	TRUE	SIN	Asia Pacific	Singapore	241 ms	6555 kB/s
8.219.194.170	2096	TRUE	SIN	Asia Pacific	Singapore	245 ms	6546 kB/s
47.237.84.173	2083	TRUE	SIN	Asia Pacific	Singapore	215 ms	6539 kB/s
8.219.114.201	8443	TRUE	SIN	Asia Pacific	Singapore	228 ms	6526 kB/s
8.219.229.190	2087	TRUE	SIN	Asia Pacific	Singapore	211 ms	6497 kB/s
8.222.237.131	2083	TRUE	SIN	Asia Pacific	Singapore	209 ms	6455 kB/s
8.222.164.209	2096	TRUE	SIN	Asia Pacific	Singapore	229 ms	6451 kB/s
8.219.161.129	2096	TRUE	SIN	Asia Pacific	Singapore	218 ms	6434 kB/s
47.76.94.15	8443	TRUE	HKG	Asia Pacific	Hong Kong	64 ms	6426 kB/s
47.236.164.215	8443	TRUE	SIN	Asia Pacific	Singapore	232 ms	6419 kB/s
8.219.111.175	2053	TRUE	SIN	Asia Pacific	Singapore	217 ms	6398 kB/s
47.237.100.206	2087	TRUE	SIN	Asia Pacific	Singapore	238 ms	6398 kB/s
8.222.181.117	2083	TRUE	SIN	Asia Pacific	Singapore	217 ms	6390 kB/s
47.245.114.163	2083	TRUE	SIN	Asia Pacific	Singapore	230 ms	6380 kB/s
8.219.114.201	2053	TRUE	SIN	Asia Pacific	Singapore	215 ms	6376 kB/s
8.222.179.231	8443	TRUE	SIN	Asia Pacific	Singapore	216 ms	6370 kB/s
47.237.81.112	2096	TRUE	SIN	Asia Pacific	Singapore	217 ms	6360 kB/s
8.219.60.54	2096	TRUE	SIN	Asia Pacific	Singapore	220 ms	6315 kB/s
8.219.60.54	2087	TRUE	SIN	Asia Pacific	Singapore	213 ms	6305 kB/s
8.222.162.45	2087	TRUE	SIN	Asia Pacific	Singapore	215 ms	6302 kB/s
47.76.37.57	2087	TRUE	HKG	Asia Pacific	Hong Kong	57 ms	6293 kB/s
47.76.204.76	2087	TRUE	HKG	Asia Pacific	Hong Kong	64 ms	6292 kB/s
8.222.134.170	2096	TRUE	SIN	Asia Pacific	Singapore	223 ms	6258 kB/s
8.222.146.222	2087	TRUE	SIN	Asia Pacific	Singapore	214 ms	6254 kB/s
8.210.21.65	2053	TRUE	HKG	Asia Pacific	Hong Kong	62 ms	6247 kB/s
47.243.107.148	2096	TRUE	HKG	Asia Pacific	Hong Kong	63 ms	6244 kB/s
47.243.169.63	2087	TRUE	HKG	Asia Pacific	Hong Kong	61 ms	6226 kB/s
8.219.200.145	2053	TRUE	SIN	Asia Pacific	Singapore	218 ms	6223 kB/s
8.219.83.71	2096	TRUE	SIN	Asia Pacific	Singapore	225 ms	6221 kB/s
47.237.82.15	2096	TRUE	SIN	Asia Pacific	Singapore	220 ms	6215 kB/s
47.245.102.52	2087	TRUE	SIN	Asia Pacific	Singapore	243 ms	6203 kB/s
8.219.210.57	2087	TRUE	SIN	Asia Pacific	Singapore	236 ms	6148 kB/s
8.222.214.231	2053	TRUE	SIN	Asia Pacific	Singapore	225 ms	6142 kB/s
8.217.147.230	2053	TRUE	HKG	Asia Pacific	Hong Kong	75 ms	6130 kB/s
8.222.181.117	2053	TRUE	SIN	Asia Pacific	Singapore	241 ms	6114 kB/s
47.237.8.82	8443	TRUE	SIN	Asia Pacific	Singapore	229 ms	6114 kB/s
47.236.253.41	8443	TRUE	SIN	Asia Pacific	Singapore	217 ms	6102 kB/s
8.219.98.13	8443	TRUE	SIN	Asia Pacific	Singapore	211 ms	6092 kB/s
47.245.114.163	2053	TRUE	SIN	Asia Pacific	Singapore	241 ms	6085 kB/s
8.219.67.133	8443	TRUE	SIN	Asia Pacific	Singapore	217 ms	6069 kB/s
47.243.27.217	2096	TRUE	HKG	Asia Pacific	Hong Kong	62 ms	6067 kB/s
8.218.3.12	2083	TRUE	HKG	Asia Pacific	Hong Kong	65 ms	6059 kB/s
8.219.191.110	2087	TRUE	SIN	Asia Pacific	Singapore	240 ms	6058 kB/s
47.237.8.82	2096	TRUE	SIN	Asia Pacific	Singapore	214 ms	6002 kB/s
8.219.174.213	2096	TRUE	SIN	Asia Pacific	Singapore	225 ms	5925 kB/s
8.219.77.222	8443	TRUE	SIN	Asia Pacific	Singapore	226 ms	5922 kB/s
8.219.199.220	2053	TRUE	SIN	Asia Pacific	Singapore	219 ms	5889 kB/s
8.222.156.242	8443	TRUE	SIN	Asia Pacific	Singapore	235 ms	5889 kB/s
8.218.143.10	2087	TRUE	HKG	Asia Pacific	Hong Kong	63 ms	5872 kB/s
8.219.174.213	2087	TRUE	SIN	Asia Pacific	Singapore	220 ms	5846 kB/s
8.219.99.169	2083	TRUE	SIN	Asia Pacific	Singapore	228 ms	5841 kB/s
8.219.161.129	8443	TRUE	SIN	Asia Pacific	Singapore	213 ms	5834 kB/s
47.236.205.188	8443	TRUE	SIN	Asia Pacific	Singapore	232 ms	5765 kB/s
8.219.4.122	8443	TRUE	SIN	Asia Pacific	Singapore	243 ms	5752 kB/s
8.219.248.47	8443	TRUE	SIN	Asia Pacific	Singapore	223 ms	5710 kB/s
8.222.134.170	2087	TRUE	SIN	Asia Pacific	Singapore	212 ms	5676 kB/s
47.243.60.150	8443	TRUE	HKG	Asia Pacific	Hong Kong	58 ms	5653 kB/s
8.219.139.13	2053	TRUE	SIN	Asia Pacific	Singapore	239 ms	5628 kB/s
8.222.184.198	2083	TRUE	SIN	Asia Pacific	Singapore	217 ms	5605 kB/s
8.222.183.242	2087	TRUE	SIN	Asia Pacific	Singapore	223 ms	5605 kB/s
8.222.191.138	2053	TRUE	SIN	Asia Pacific	Singapore	231 ms	5596 kB/s
47.243.169.63	2096	TRUE	HKG	Asia Pacific	Hong Kong	63 ms	5595 kB/s
47.236.102.102	2083	TRUE	SIN	Asia Pacific	Singapore	249 ms	5590 kB/s
47.243.86.79	2083	TRUE	HKG	Asia Pacific	Hong Kong	61 ms	5586 kB/s
47.236.17.193	2087	TRUE	SIN	Asia Pacific	Singapore	248 ms	5561 kB/s
47.243.60.150	2083	TRUE	HKG	Asia Pacific	Hong Kong	61 ms	5554 kB/s
8.219.200.145	2083	TRUE	SIN	Asia Pacific	Singapore	230 ms	5554 kB/s
8.222.165.117	2087	TRUE	SIN	Asia Pacific	Singapore	217 ms	5532 kB/s
47.237.86.185	2096	TRUE	SIN	Asia Pacific	Singapore	217 ms	5513 kB/s
8.219.6.150	8443	TRUE	SIN	Asia Pacific	Singapore	211 ms	5496 kB/s
8.219.240.160	2096	TRUE	SIN	Asia Pacific	Singapore	236 ms	5496 kB/s
8.219.161.129	2083	TRUE	SIN	Asia Pacific	Singapore	238 ms	5493 kB/s
47.243.74.220	2087	TRUE	HKG	Asia Pacific	Hong Kong	58 ms	5490 kB/s
47.237.10.1	2096	TRUE	SIN	Asia Pacific	Singapore	212 ms	5481 kB/s
47.237.14.220	2096	TRUE	SIN	Asia Pacific	Singapore	220 ms	5474 kB/s
8.222.183.242	2096	TRUE	SIN	Asia Pacific	Singapore	218 ms	5474 kB/s
8.222.156.242	2087	TRUE	SIN	Asia Pacific	Singapore	240 ms	5458 kB/s
8.219.229.190	2096	TRUE	SIN	Asia Pacific	Singapore	217 ms	5439 kB/s
47.242.59.216	2096	TRUE	HKG	Asia Pacific	Hong Kong	73 ms	5432 kB/s
47.243.173.187	2087	TRUE	HKG	Asia Pacific	Hong Kong	58 ms	5420 kB/s
47.236.180.24	2096	TRUE	SIN	Asia Pacific	Singapore	208 ms	5400 kB/s
47.237.83.20	2087	TRUE	SIN	Asia Pacific	Singapore	220 ms	5398 kB/s
47.236.169.15	2087	TRUE	SIN	Asia Pacific	Singapore	218 ms	5378 kB/s
8.219.200.145	2096	TRUE	SIN	Asia Pacific	Singapore	221 ms	5375 kB/s
47.237.0.31	2087	TRUE	SIN	Asia Pacific	Singapore	229 ms	5290 kB/s
47.236.9.152	2087	TRUE	SIN	Asia Pacific	Singapore	225 ms	5284 kB/s
47.243.60.150	2087	TRUE	HKG	Asia Pacific	Hong Kong	56 ms	5259 kB/s
47.245.105.224	8443	TRUE	SIN	Asia Pacific	Singapore	230 ms	5237 kB/s
8.219.111.175	8443	TRUE	SIN	Asia Pacific	Singapore	219 ms	5225 kB/s
47.243.27.217	8443	TRUE	HKG	Asia Pacific	Hong Kong	59 ms	5217 kB/s
8.222.167.147	2083	TRUE	SIN	Asia Pacific	Singapore	225 ms	5214 kB/s
47.236.158.158	8443	TRUE	SIN	Asia Pacific	Singapore	223 ms	5213 kB/s
47.237.86.185	2087	TRUE	SIN	Asia Pacific	Singapore	224 ms	5196 kB/s
8.219.229.190	2083	TRUE	SIN	Asia Pacific	Singapore	226 ms	5195 kB/s
8.219.153.237	2096	TRUE	NRT	Asia Pacific	Tokyo	274 ms	5189 kB/s
47.245.118.70	2053	TRUE	SIN	Asia Pacific	Singapore	248 ms	5183 kB/s
47.236.9.152	2096	TRUE	SIN	Asia Pacific	Singapore	219 ms	5180 kB/s
8.222.193.65	2096	TRUE	SIN	Asia Pacific	Singapore	210 ms	5170 kB/s
8.222.181.117	2096	TRUE	SIN	Asia Pacific	Singapore	236 ms	5169 kB/s
47.245.86.230	2083	TRUE	SIN	Asia Pacific	Singapore	227 ms	5150 kB/s
8.219.77.222	2096	TRUE	SIN	Asia Pacific	Singapore	226 ms	5148 kB/s
8.218.3.12	2096	TRUE	HKG	Asia Pacific	Hong Kong	56 ms	5133 kB/s
47.76.204.76	8443	TRUE	HKG	Asia Pacific	Hong Kong	61 ms	5132 kB/s
8.219.66.156	2053	TRUE	NRT	Asia Pacific	Tokyo	287 ms	5131 kB/s
8.219.240.160	2083	TRUE	SIN	Asia Pacific	Singapore	234 ms	5128 kB/s
8.219.51.211	2087	TRUE	SIN	Asia Pacific	Singapore	213 ms	5119 kB/s
8.219.1.92	2053	TRUE	SIN	Asia Pacific	Singapore	223 ms	5119 kB/s
47.237.10.1	8443	TRUE	SIN	Asia Pacific	Singapore	211 ms	5106 kB/s
47.237.14.220	2087	TRUE	SIN	Asia Pacific	Singapore	225 ms	5079 kB/s
8.219.78.1	2053	TRUE	SIN	Asia Pacific	Singapore	214 ms	5073 kB/s
8.219.222.98	2087	TRUE	SIN	Asia Pacific	Singapore	217 ms	5041 kB/s
47.236.174.206	2087	TRUE	SIN	Asia Pacific	Singapore	217 ms	5020 kB/s
47.237.100.206	8443	TRUE	SIN	Asia Pacific	Singapore	222 ms	5015 kB/s
8.219.106.156	8443	TRUE	SIN	Asia Pacific	Singapore	221 ms	4994 kB/s
47.236.165.25	2083	TRUE	SIN	Asia Pacific	Singapore	223 ms	4976 kB/s
8.219.97.50	2096	TRUE	SIN	Asia Pacific	Singapore	220 ms	4968 kB/s
47.237.11.182	8443	TRUE	SIN	Asia Pacific	Singapore	238 ms	4964 kB/s
47.236.117.48	2083	TRUE	SIN	Asia Pacific	Singapore	249 ms	4952 kB/s
47.236.102.102	2096	TRUE	SIN	Asia Pacific	Singapore	245 ms	4932 kB/s
47.245.118.70	2096	TRUE	SIN	Asia Pacific	Singapore	226 ms	4929 kB/s
47.236.144.48	2087	TRUE	SIN	Asia Pacific	Singapore	219 ms	4905 kB/s
47.236.180.24	2087	TRUE	SIN	Asia Pacific	Singapore	214 ms	4873 kB/s
8.222.193.65	2083	TRUE	SIN	Asia Pacific	Singapore	223 ms	4854 kB/s
8.219.51.211	8443	TRUE	SIN	Asia Pacific	Singapore	212 ms	4847 kB/s
8.219.42.72	443	TRUE	SIN	Asia Pacific	Singapore	210 ms	4836 kB/s
47.243.107.148	2087	TRUE	HKG	Asia Pacific	Hong Kong	60 ms	4824 kB/s
47.243.42.219	2087	TRUE	HKG	Asia Pacific	Hong Kong	60 ms	4806 kB/s
47.237.11.182	2096	TRUE	SIN	Asia Pacific	Singapore	210 ms	4798 kB/s
8.219.106.156	2087	TRUE	SIN	Asia Pacific	Singapore	221 ms	4796 kB/s
8.217.164.10	2096	TRUE	HKG	Asia Pacific	Hong Kong	61 ms	4773 kB/s
8.219.117.198	2053	TRUE	SIN	Asia Pacific	Singapore	218 ms	4675 kB/s
47.236.117.48	8443	TRUE	SIN	Asia Pacific	Singapore	232 ms	4673 kB/s
8.219.153.237	2053	TRUE	NRT	Asia Pacific	Tokyo	281 ms	4658 kB/s
47.236.167.231	2087	TRUE	SIN	Asia Pacific	Singapore	211 ms	4653 kB/s
47.236.118.216	2087	TRUE	SIN	Asia Pacific	Singapore	236 ms	4638 kB/s
47.245.114.163	2087	TRUE	SIN	Asia Pacific	Singapore	230 ms	4633 kB/s
47.236.93.176	2083	TRUE	SIN	Asia Pacific	Singapore	225 ms	4627 kB/s
8.219.161.129	2087	TRUE	SIN	Asia Pacific	Singapore	229 ms	4619 kB/s
8.217.145.40	2083	TRUE	HKG	Asia Pacific	Hong Kong	61 ms	4606 kB/s
47.236.202.91	2096	TRUE	SIN	Asia Pacific	Singapore	220 ms	4574 kB/s
8.219.210.64	2083	TRUE	SIN	Asia Pacific	Singapore	221 ms	4536 kB/s
47.243.60.150	2096	TRUE	HKG	Asia Pacific	Hong Kong	55 ms	4526 kB/s
47.237.84.173	2053	TRUE	SIN	Asia Pacific	Singapore	218 ms	4520 kB/s
47.236.164.215	2083	TRUE	SIN	Asia Pacific	Singapore	245 ms	4516 kB/s
8.219.153.237	2083	TRUE	NRT	Asia Pacific	Tokyo	288 ms	4509 kB/s
8.210.119.11	2087	TRUE	HKG	Asia Pacific	Hong Kong	68 ms	4500 kB/s
47.242.176.237	8443	TRUE	HKG	Asia Pacific	Hong Kong	69 ms	4478 kB/s
8.219.117.198	2083	TRUE	SIN	Asia Pacific	Singapore	223 ms	4467 kB/s
47.243.173.187	8443	TRUE	HKG	Asia Pacific	Hong Kong	55 ms	4423 kB/s
8.219.111.175	2083	TRUE	SIN	Asia Pacific	Singapore	225 ms	4390 kB/s
47.245.84.124	2083	TRUE	SIN	Asia Pacific	Singapore	254 ms	4351 kB/s
8.219.222.98	2053	TRUE	SIN	Asia Pacific	Singapore	222 ms	4336 kB/s
47.236.117.48	2053	TRUE	SIN	Asia Pacific	Singapore	216 ms	4315 kB/s
8.219.229.190	8443	TRUE	SIN	Asia Pacific	Singapore	212 ms	4312 kB/s
8.217.164.10	8443	TRUE	HKG	Asia Pacific	Hong Kong	67 ms	4293 kB/s
8.210.21.65	8443	TRUE	HKG	Asia Pacific	Hong Kong	61 ms	4282 kB/s
8.219.153.237	2087	TRUE	NRT	Asia Pacific	Tokyo	280 ms	4276 kB/s
8.210.245.224	2083	TRUE	HKG	Asia Pacific	Hong Kong	68 ms	4268 kB/s
47.236.93.176	8443	TRUE	SIN	Asia Pacific	Singapore	247 ms	4236 kB/s
47.236.102.102	8443	TRUE	SIN	Asia Pacific	Singapore	232 ms	4228 kB/s
47.236.10.182	2096	TRUE	SIN	Asia Pacific	Singapore	221 ms	4221 kB/s
47.242.174.27	8443	TRUE	HKG	Asia Pacific	Hong Kong	68 ms	4219 kB/s
8.222.193.65	2053	TRUE	SIN	Asia Pacific	Singapore	222 ms	4217 kB/s
47.243.206.150	2096	TRUE	HKG	Asia Pacific	Hong Kong	64 ms	4204 kB/s
47.236.145.85	2096	TRUE	SIN	Asia Pacific	Singapore	222 ms	4194 kB/s
47.237.95.13	2087	TRUE	SIN	Asia Pacific	Singapore	225 ms	4180 kB/s
8.222.208.38	2083	TRUE	SIN	Asia Pacific	Singapore	246 ms	4171 kB/s
47.237.94.140	2083	TRUE	SIN	Asia Pacific	Singapore	243 ms	4166 kB/s
8.210.21.65	2087	TRUE	HKG	Asia Pacific	Hong Kong	64 ms	4143 kB/s
47.245.126.151	8443	TRUE	SIN	Asia Pacific	Singapore	250 ms	4142 kB/s
47.236.17.193	8443	TRUE	SIN	Asia Pacific	Singapore	224 ms	4137 kB/s
47.245.118.70	2087	TRUE	SIN	Asia Pacific	Singapore	232 ms	4118 kB/s
47.237.94.140	8443	TRUE	SIN	Asia Pacific	Singapore	215 ms	4108 kB/s
47.236.253.41	2083	TRUE	SIN	Asia Pacific	Singapore	207 ms	4044 kB/s
8.219.66.156	2087	TRUE	NRT	Asia Pacific	Tokyo	285 ms	4037 kB/s
47.236.202.91	8443	TRUE	SIN	Asia Pacific	Singapore	222 ms	4028 kB/s
47.243.107.148	8443	TRUE	HKG	Asia Pacific	Hong Kong	63 ms	4018 kB/s
8.219.49.65	2087	TRUE	SIN	Asia Pacific	Singapore	243 ms	3997 kB/s
47.237.92.26	8443	TRUE	SIN	Asia Pacific	Singapore	209 ms	3991 kB/s
47.237.100.206	2096	TRUE	SIN	Asia Pacific	Singapore	224 ms	3986 kB/s
47.238.164.202	443	TRUE	HKG	Asia Pacific	Hong Kong	60 ms	3932 kB/s
8.222.208.38	8443	TRUE	SIN	Asia Pacific	Singapore	222 ms	3905 kB/s
47.236.9.152	8443	TRUE	SIN	Asia Pacific	Singapore	215 ms	3901 kB/s
8.219.66.156	2096	TRUE	NRT	Asia Pacific	Tokyo	302 ms	3899 kB/s
47.236.9.152	2083	TRUE	SIN	Asia Pacific	Singapore	233 ms	3872 kB/s
8.222.208.38	2096	TRUE	SIN	Asia Pacific	Singapore	235 ms	3852 kB/s
47.243.139.243	2096	TRUE	HKG	Asia Pacific	Hong Kong	68 ms	3805 kB/s
47.243.173.187	2096	TRUE	HKG	Asia Pacific	Hong Kong	62 ms	3797 kB/s
47.237.95.140	2083	TRUE	SIN	Asia Pacific	Singapore	217 ms	3791 kB/s
47.236.117.48	2087	TRUE	SIN	Asia Pacific	Singapore	225 ms	3723 kB/s
8.219.66.156	8443	TRUE	NRT	Asia Pacific	Tokyo	307 ms	3692 kB/s
47.243.203.119	2087	TRUE	HKG	Asia Pacific	Hong Kong	57 ms	3685 kB/s
47.237.94.140	2087	TRUE	SIN	Asia Pacific	Singapore	220 ms	3666 kB/s
8.219.153.237	8443	TRUE	NRT	Asia Pacific	Tokyo	290 ms	3647 kB/s
8.222.214.231	8443	TRUE	SIN	Asia Pacific	Singapore	225 ms	3625 kB/s
47.245.86.230	2053	TRUE	SIN	Asia Pacific	Singapore	237 ms	3619 kB/s
47.245.102.52	8443	TRUE	SIN	Asia Pacific	Singapore	226 ms	3598 kB/s
8.222.214.231	2083	TRUE	SIN	Asia Pacific	Singapore	223 ms	3586 kB/s
47.236.145.85	2083	TRUE	SIN	Asia Pacific	Singapore	216 ms	3583 kB/s
8.210.48.107	2083	TRUE	HKG	Asia Pacific	Hong Kong	61 ms	3548 kB/s
47.245.126.151	2053	TRUE	SIN	Asia Pacific	Singapore	225 ms	3526 kB/s
8.222.208.38	2087	TRUE	SIN	Asia Pacific	Singapore	227 ms	3471 kB/s
47.237.82.15	8443	TRUE	SIN	Asia Pacific	Singapore	216 ms	3434 kB/s
47.245.84.124	2087	TRUE	SIN	Asia Pacific	Singapore	234 ms	3425 kB/s
8.222.214.231	2087	TRUE	SIN	Asia Pacific	Singapore	233 ms	3401 kB/s
8.217.147.230	2083	TRUE	HKG	Asia Pacific	Hong Kong	67 ms	3395 kB/s
47.236.85.11	8443	TRUE	SIN	Asia Pacific	Singapore	224 ms	3378 kB/s
8.210.119.11	2096	TRUE	HKG	Asia Pacific	Hong Kong	67 ms	3369 kB/s
47.245.86.230	8443	TRUE	SIN	Asia Pacific	Singapore	247 ms	3333 kB/s
8.217.250.222	8443	TRUE	HKG	Asia Pacific	Hong Kong	60 ms	3304 kB/s
47.242.202.230	2087	TRUE	HKG	Asia Pacific	Hong Kong	60 ms	3250 kB/s
47.76.204.76	2096	TRUE	HKG	Asia Pacific	Hong Kong	58 ms	3218 kB/s
8.218.3.12	8443	TRUE	HKG	Asia Pacific	Hong Kong	58 ms	3212 kB/s
47.237.95.156	8443	TRUE	SIN	Asia Pacific	Singapore	210 ms	3196 kB/s
47.237.95.146	2096	TRUE	SIN	Asia Pacific	Singapore	215 ms	3189 kB/s
47.245.84.124	8443	TRUE	SIN	Asia Pacific	Singapore	220 ms	3189 kB/s
8.210.245.224	2096	TRUE	HKG	Asia Pacific	Hong Kong	59 ms	3174 kB/s
47.242.202.230	8443	TRUE	HKG	Asia Pacific	Hong Kong	59 ms	3108 kB/s
8.210.3.24	8443	TRUE	HKG	Asia Pacific	Hong Kong	67 ms	3099 kB/s
8.210.48.107	2087	TRUE	HKG	Asia Pacific	Hong Kong	65 ms	3070 kB/s
8.219.111.175	2096	TRUE	SIN	Asia Pacific	Singapore	245 ms	3062 kB/s
8.210.146.108	2096	TRUE	HKG	Asia Pacific	Hong Kong	63 ms	2924 kB/s
47.237.92.26	2087	TRUE	SIN	Asia Pacific	Singapore	229 ms	2921 kB/s
47.245.105.224	2083	TRUE	SIN	Asia Pacific	Singapore	245 ms	2881 kB/s
47.237.95.13	8443	TRUE	SIN	Asia Pacific	Singapore	226 ms	2870 kB/s
47.245.84.124	2053	TRUE	SIN	Asia Pacific	Singapore	255 ms	2841 kB/s
47.236.125.62	8443	TRUE	NRT	Asia Pacific	Tokyo	314 ms	2761 kB/s
47.236.125.62	2083	TRUE	NRT	Asia Pacific	Tokyo	295 ms	2748 kB/s
8.217.147.230	8443	TRUE	HKG	Asia Pacific	Hong Kong	61 ms	2678 kB/s
8.210.146.108	2083	TRUE	HKG	Asia Pacific	Hong Kong	63 ms	2674 kB/s
47.245.105.224	2087	TRUE	SIN	Asia Pacific	Singapore	248 ms	2633 kB/s
47.237.95.156	2096	TRUE	SIN	Asia Pacific	Singapore	221 ms	2562 kB/s
47.236.125.62	2096	TRUE	NRT	Asia Pacific	Tokyo	294 ms	2537 kB/s
47.242.176.237	2087	TRUE	HKG	Asia Pacific	Hong Kong	74 ms	2537 kB/s
47.236.170.225	2096	TRUE	SIN	Asia Pacific	Singapore	213 ms	2412 kB/s
8.218.3.12	2087	TRUE	HKG	Asia Pacific	Hong Kong	60 ms	2409 kB/s
8.217.147.230	2087	TRUE	HKG	Asia Pacific	Hong Kong	65 ms	2405 kB/s
8.218.204.128	8443	TRUE	HKG	Asia Pacific	Hong Kong	60 ms	2361 kB/s
8.217.127.73	8443	TRUE	HKG	Asia Pacific	Hong Kong	70 ms	2298 kB/s
47.236.170.225	8443	TRUE	SIN	Asia Pacific	Singapore	224 ms	2240 kB/s
47.237.95.146	2087	TRUE	SIN	Asia Pacific	Singapore	228 ms	2239 kB/s
8.210.175.109	2096	TRUE	HKG	Asia Pacific	Hong Kong	63 ms	2194 kB/s
47.236.125.62	2053	TRUE	NRT	Asia Pacific	Tokyo	312 ms	2179 kB/s
47.242.232.14	8443	TRUE	HKG	Asia Pacific	Hong Kong	74 ms	1968 kB/s
47.236.146.249	2096	TRUE	SIN	Asia Pacific	Singapore	228 ms	1929 kB/s
8.210.245.224	8443	TRUE	HKG	Asia Pacific	Hong Kong	63 ms	1855 kB/s
47.245.105.224	2053	TRUE	SIN	Asia Pacific	Singapore	245 ms	1804 kB/s
47.245.126.151	2083	TRUE	SIN	Asia Pacific	Singapore	231 ms	1792 kB/s
8.210.21.65	2096	TRUE	HKG	Asia Pacific	Hong Kong	62 ms	1747 kB/s
47.245.86.230	2087	TRUE	SIN	Asia Pacific	Singapore	236 ms	1392 kB/s
8.217.90.154	443	TRUE	HKG	Asia Pacific	Hong Kong	56 ms	1311 kB/s
47.242.79.71	2087	TRUE	HKG	Asia Pacific	Hong Kong	59 ms	1219 kB/s
8.217.248.220	2096	TRUE	HKG	Asia Pacific	Hong Kong	59 ms	1215 kB/s
47.243.206.150	8443	TRUE	HKG	Asia Pacific	Hong Kong	61 ms	1215 kB/s
47.243.203.119	8443	TRUE	HKG	Asia Pacific	Hong Kong	61 ms	1142 kB/s
8.219.106.156	2096	TRUE	SIN	Asia Pacific	Singapore	238 ms	1142 kB/s
47.245.84.124	2096	TRUE	SIN	Asia Pacific	Singapore	230 ms	1033 kB/s
47.243.74.220	8443	TRUE	HKG	Asia Pacific	Hong Kong	61 ms	864 kB/s
8.210.175.109	2087	TRUE	HKG	Asia Pacific	Hong Kong	58 ms	774 kB/s
8.218.63.172	443	TRUE	HKG	Asia Pacific	Hong Kong	70 ms	705 kB/s
47.243.203.119	2053	TRUE	HKG	Asia Pacific	Hong Kong	63 ms	687 kB/s
8.219.60.54	2053	TRUE	SIN	Asia Pacific	Singapore	213 ms	492 kB/s
149.129.8.215	443	TRUE	SJC	North America	San Jose	96 ms	432 kB/s
8.219.200.145	2087	TRUE	SIN	Asia Pacific	Singapore	233 ms	355 kB/s
8.219.126.240	2096	TRUE	SIN	Asia Pacific	Singapore	224 ms	192 kB/s
8.218.122.55	8443	TRUE	HKG	Asia Pacific	Hong Kong	57 ms	192 kB/s
8.218.122.55	2053	TRUE	HKG	Asia Pacific	Hong Kong	69 ms	112 kB/s
8.219.126.240	2087	TRUE	SIN	Asia Pacific	Singapore	221 ms	96 kB/s
47.236.237.90	8443	TRUE	SIN	Asia Pacific	Singapore	215 ms	23 kB/s
8.219.126.240	2053	TRUE	SIN	Asia Pacific	Singapore	215 ms	19 kB/s
8.210.92.27	443	TRUE	HKG	Asia Pacific	Hong Kong	58 ms	14 kB/s
8.217.248.220	2083	TRUE	HKG	Asia Pacific	Hong Kong	57 ms	0 kB/s
8.222.225.193	443	TRUE	SIN	Asia Pacific	Singapore	230 ms	0 kB/s
47.237.14.220	8443	TRUE	SIN	Asia Pacific	Singapore	215 ms	0 kB/s
8.218.122.55	2083	TRUE	HKG	Asia Pacific	Hong Kong	65 ms	0 kB/s
47.236.83.239	2087	TRUE	SIN	Asia Pacific	Singapore	222 ms	0 kB/s
8.222.193.65	8443	TRUE	SIN	Asia Pacific	Singapore	225 ms	0 kB/s
8.218.122.55	2087	TRUE	HKG	Asia Pacific	Hong Kong	67 ms	0 kB/s
8.217.121.207	8443	TRUE	HKG	Asia Pacific	Hong Kong	64 ms	0 kB/s
47.236.83.239	2083	TRUE	SIN	Asia Pacific	Singapore	226 ms	0 kB/s
47.236.202.91	2087	TRUE	SIN	Asia Pacific	Singapore	220 ms	0 kB/s
8.219.42.72	2053	TRUE	SIN	Asia Pacific	Singapore	240 ms	0 kB/s
47.237.95.140	2087	TRUE	SIN	Asia Pacific	Singapore	238 ms	0 kB/s
47.237.83.20	2096	TRUE	SIN	Asia Pacific	Singapore	217 ms	0 kB/s
47.243.27.217	2083	TRUE	HKG	Asia Pacific	Hong Kong	66 ms	0 kB/s
8.210.192.93	2087	TRUE	HKG	Asia Pacific	Hong Kong	66 ms	0 kB/s
47.245.102.52	2096	TRUE	SIN	Asia Pacific	Singapore	240 ms	0 kB/s
8.210.203.7	2096	TRUE	HKG	Asia Pacific	Hong Kong	71 ms	0 kB/s
47.243.74.220	2096	TRUE	HKG	Asia Pacific	Hong Kong	58 ms	0 kB/s
